Vendor,Category
RITE AID STORE - 5592 HACIENDA HEIGCA,
DAISO LA06 HACIENDA HGHT HACIENDA HEIGCA,
CHICK-FIL-A #03272 626-581-9788 CA,
SUNDRIES - ENCORE LAS VEGAS NV,
Prime Video*ZG2M69CJ3 888-802-3080 WA,
MYUNGRANG HOT DOG ROWLAND HGHTSCA,
EXAGEN DIAGNOSTICS INC 505-272-7966 NM,
Prime Video*6M8503IE3 888-802-3080 WA,
AMG A PROFESSIONAL CORPOR626-282-0282 CA,
AMZN Mktp US*042F39R43 Amzn.com/billWA,
AMZN Mktp US*VV5QF0NX3 Amzn.com/billWA,
AMZN Mktp US Amzn.com/billWA,
HOPE SPECIALTY PHARMACY 800-5575553 CA,
Prime Video*MY6406XT0 888-802-3080 WA,
WAL-MART #3248 LA HABRA CA,
MARVEL AVENGERS ST STRIPE.COM NV,
NORTHERN CAFE ROWLAND HGHTSCA,
LOREAL *KIEHL'S ECOMM 800-543-4572 NJ,
SMART AND FINAL 422 LA HABRA CA,
Prime Video*V40EV9GF3 888-802-3080 WA,
3709 EL POLLO LOCO HACIENDA HEIGCA,
TS EMPORIUM NO 1 CITY INDUSTRYCA,
KNOTT'S BERRY FARM PARKINBUENA PARK CA,
85C BAKERY CAFE USA HACIENDA HTS CA,
SAMSCLUB #4735 LA HABRA CA,
SAMSCLUB.COM 888-746-7726 AR,
AMZN Mktp US*3T4T92533 Amzn.com/billWA,
BELLAGIO - TICKET OFFICE LAS VEGAS NV,
Prime Video*MJ4ZO0A02 888-802-3080 WA,
AMZN Mktp US*7Z0NC3XE3 Amzn.com/billWA,
WM SUPERCENTER #2251 CITY OF INDUSCA,
IHOP 705 LA MIRADA CA,
GOODWILL STORE #0062 WHITTIER CA,
HACIENDA HEIGHTS PHAR. HACIENDA HEIGCA,
MAYAN TACOS INC WALNUT CA,
AMZN Mktp US*DW9OV8WV3 Amzn.com/billWA,
THERAGUN LLC 310-7735830 CA,
WALMART.COM AV 800-966-6546 AR,
JOHN PAUL MITCHELL SYSTEM661-298-0400 CA,
AMZN Mktp US*LA9HX8VR3 Amzn.com/billWA,
COSTCO WHSE #0777 LA HABRA CA,
Prime Video*Q66L177A3 888-802-3080 WA,
VALLEY VISTA SERVICES CITY OF INDUSCA,
STATE FARM INSURANCE 800-956-6310 IL,
VONS #3086 HACIENDA HGHTCA,
INLAND RHEUMATOLOGY & O UPLAND CA,
LOWES #02270* ONTARIO CA,
SUSHI YUEN CITY INDUSTRYCA,
APPLE.COM/BILL 866-712-7753 CA,
SQ *TRINITY URGENT LA PUENTE CA,
ATHLETICGREENS WWW.ATHLETICGNV,
WALMART.COM 800-966-6546 AR,
GOODWILL STORE #0010 HACIENDA HEIGCA,
COSTCO WHSE #0679 CITY OF INDUSCA,
CHILI'S PUENTE HILLS CITY OF INDUSCA,
T-SWIRL CREPE CITY OF INDUSCA,
RITE AID STORE - 5591 ROWLAND HEIGHCA,
SQ *TRINITY URGENT CARE MLa Puente CA,
ULTA #775 CITY OF INDUSCA,
GOOGLE *GSUITE_avant-c cc@google.comCA,
AMZN Mktp US*M70TR0SO1 Amzn.com/billWA,
DIAMOND FRESH FARMERS MARWALNUT CA,
MACYS .COM 800-289-6229 OH,
AMZN Mktp US*JU6PW5PC3 Amzn.com/billWA,
TST* FIRE WINGS ROWLAND HCITY OF INDUSCA,
Prime Video*RK1OK12L3 888-802-3080 WA,
SAMS CLUB #4735 LA HABRA CA,
85C BAKERY CAFE USA WEST COVINA CA,
SMOG PROS TEST ONLY ROWLAND HEIGHCA,
GOLDEN NOODLE & GRILL ROWLAND HEIGHCA,
FTHGROUPINC 626-333-2435 CA,
THEVOIDLASVEGAS STRIPE.COM TX,
COSTCO GAS #0777 LA HABRA CA,
BESPOKE POST 888-565-6762 NY,
WAL-MART #2251 SE2 CITY OF INDUSCA,
SQ *TRINITY URGENT CITY OF INDUSCA,
LH TRADING 866-647-9194 GA,
